category,question,option_a,option_b,option_c,option_d,correct_answer,explanation
"Basic Terminology & Concepts","What is the term for a person who takes the dominant role in a BDSM relationship?","The person who enjoys both dominant and submissive roles","The person who takes the controlling or leading role","The person who surrenders control to their partner","A person who prefers conventional sexual practices","1","A Dominant is the person who takes the controlling or leading role in BDSM activities."
"Basic Terminology & Concepts","What does Femdom specifically refer to?","A formal set of rules followed in a BDSM relationship","A relationship dynamic where the submissive partner is female","A portmanteau for female domination, where the dominant partner is female","A historical movement within feminist ideology","2","Femdom is a portmanteau of female domination, referring to BDSM activities where the dominant partner is female."
"Basic Terminology & Concepts","What is a ""submissive""?","A binding agreement outlining the limits of a BDSM relationship","The pre-negotiated term used to stop all play immediately","The partner responsible for directing the scene and its activities","The partner who voluntarily surrenders control to a dominant","3","A submissive is the person who voluntarily surrenders control to a dominant partner within agreed-upon limits."
"Basic Terminology & Concepts","What is Aftercare?","A form of consensual restraint using ropes or cuffs","The care and comfort given to partners after a scene to ensure well-being","The process of discussing limits and desires before a scene begins","A symbolic item representing ownership in a dynamic","1","Aftercare refers to the care and comfort given to partners after a BDSM scene to ensure emotional and physical well-being."
"Basic Terminology & Concepts","What does ""SSC"" stand for in BDSM contexts?","Strong, Secure, Controlled - emphasizing physical safety","Sensation, Submission, Control - describing common activities","Safe, Sane, Consensual - a fundamental ethical principle","Silent, Secret, Confidential - regarding privacy","2","SSC stands for Safe, Sane, and Consensual - a fundamental principle emphasizing safety and consent in BDSM practices."
"Basic Terminology & Concepts","What is a ""safeword""?","A formal title used to address a dominant partner","A secret code shared only between play partners","A pre-agreed word that can stop activity immediately if needed","A type of punishment for breaking established rules","2","A safeword is a pre-agreed word that either partner can use to stop the activity immediately if they feel uncomfortable or unsafe."
"Basic Terminology & Concepts","What does BDSM stand for?","Binding, Dominance, Submission, Masochism","Bondage, Dominance, Submission, Masochism","Bondage, Discipline, Sadism, Masochism","Bondage, Discipline, Submission, Masochism","2","BDSM stands for Bondage, Discipline, Sadism, and Masochism - encompassing various practices and dynamics."
"Basic Terminology & Concepts","What is Bondage?","A formal agreement between partners","A safety procedure for all BDSM activities","The practice of consensual restraint for erotic purposes","A specific type of impact play using ropes","2","Bondage involves the consensual restraint of a partner using ropes, cuffs, or other devices for erotic or aesthetic purposes."
"Basic Terminology & Concepts","What is a ""switch""?","A safety device used in suspension bondage","A type of whip used in impact play","A formal title in master/slave dynamics","Someone who enjoys both dominant and submissive roles","3","A switch is a person who enjoys taking both dominant and submissive roles in BDSM activities, depending on the situation or partner."
"Basic Terminology & Concepts","What is Impact Play?","Psychological games involving power exchange","Financial domination and control","Role-playing different age scenarios","Activities involving hitting or striking with implements","3","Impact play refers to BDSM activities that involve hitting or striking with implements like floggers, paddles, or hands."
"Basic Terminology & Concepts","What does RACK stand for?","Rules And Control Knowledge","Respect And Consensual Knowledge","Restraint And Careful Kinetics","Risk-Aware Consensual Kink","3","RACK stands for Risk-Aware Consensual Kink, emphasizing that participants are aware of and accept the risks involved."
"Basic Terminology & Concepts","What is a ""scene"" in BDSM?","The location where BDSM activities occur","A dramatic argument between partners","A type of formal negotiation process","A specific BDSM session or play event","3","A scene is a specific BDSM session or play event that has a beginning and end, often with specific goals or themes."
"Basic Terminology & Concepts","What is Vanilla in the context of BDSM?","A type of beginner in BDSM practices","A specific safety procedure to follow","Conventional sexual practices without BDSM elements","A flavor of lubricant used in play","2","Vanilla refers to conventional sexual practices that don't involve BDSM elements or kink."
"Basic Terminology & Concepts","What is a Play Partner?","A beginner learning about BDSM","Someone you perform theater with","A type of dominant specializing in scenes","A BDSM partner for specific scenes, not necessarily romantic","3","A play partner is someone with whom you engage in BDSM activities, but may not have a romantic or full-time relationship with."
"Basic Terminology & Concepts","What does CNC stand for?","Computer Numerical Control","Careful Negotiated Contact","Consensual Neutral Control","Consensual Non-Consent","3","CNC stands for Consensual Non-Consent, referring to pre-negotiated scenes that simulate non-consensual situations."
"Basic Terminology & Concepts","What is a Hard Limit?","A difficult restriction to maintain during play","A type of advanced bondage technique","An activity someone is hesitant about but might try","An activity someone absolutely will not do under any circumstances","3","A hard limit is an activity that someone absolutely will not participate in under any circumstances."
"Basic Terminology & Concepts","What is a ""soft Limit""?","A comfortable restriction that's easy to follow","A type of padding used in impact play","A beginner's first established boundary","An activity someone is hesitant about but might try under conditions","3","A soft limit is an activity that someone is hesitant about but might be willing to try under certain conditions."
"Basic Terminology & Concepts","What is Negotiation in BDSM?","Business discussions about BDSM equipment","A type of punishment for misbehavior","The process of discussing limits and desires before a scene","A form of aftercare following intense play","2","Negotiation is the process where partners discuss their limits, desires, safewords, and expectations before engaging in a scene."
"Basic Terminology & Concepts","What is Topping?","The best partner in a BDSM community","The beginning phase of any BDSM scene","A specific type of impact play technique","Taking the dominant or active role during a scene","3","Topping refers to taking the dominant or active role during a BDSM scene, regardless of one's overall orientation."
"Basic Terminology & Concepts","What is Bottoming?","The worst possible outcome of a scene","The end phase of BDSM activities","A specific bondage position","Taking the submissive or receptive role during a scene","3","Bottoming refers to taking the submissive or receptive role during a BDSM scene, regardless of one's overall orientation."
"Basic Terminology & Concepts","What is a Play Space?","A psychological state during intense play","A children's play area adapted for adults","A type of relationship dynamic","A designated area specifically for BDSM activities","3","A play space is a designated area, often in a dungeon or private home, specifically set up for BDSM activities."
"Basic Terminology & Concepts","What does M/s stand for?","Mutual/submission","Master/service","Main/switch","Master/slave","3","M/s stands for Master/slave, describing a relationship dynamic with clear ownership and service roles."
"Basic Terminology & Concepts","What does D/s stand for?","Discipline/service","Dynamic/switch","Domination/submission","Dominant/submissive","3","D/s stands for Dominant/submissive, describing the power exchange relationship dynamic."
"Basic Terminology & Concepts","What is Edge Play?","Beginner-level BDSM activities","Playing games near physical edges or cliffs","Outdoor BDSM activities","BDSM activities with higher physical or psychological risks","3","Edge play refers to BDSM activities that involve higher levels of physical, emotional, or psychological risk."
"Basic Terminology & Concepts","What is a Munch?","A BDSM technique using the mouth","A type of food served at BDSM events","A casual social gathering for kinky people in public","A type of party with strict dress code","2","A munch is a casual social gathering, often in a public place like a restaurant, where people interested in BDSM can meet and socialize."
"Basic Terminology & Concepts","What is Headspace?","The top area of a dungeon space","A type of protective helmet","A meditation technique used before scenes","The psychological state experienced during BDSM activities","3","Headspace refers to the psychological or emotional state someone experiences during BDSM activities."
"Basic Terminology & Concepts","What is ""subspace""?","A secondary location for BDSM activities","A beginner's introductory state","A type of relationship structure","An altered state of consciousness some submissives experience","3","Subspace is an altered state of consciousness that some submissives experience during intense scenes, often characterized by euphoria and reduced pain sensitivity."
"Basic Terminology & Concepts","What is Topspace?","The best location for setting up a scene","The beginning phase of any BDSM activity","A type of furniture used in dungeons","The psychological state dominants experience during scenes","3","Topspace is the psychological state that dominants may experience during intense scenes, often characterized by heightened focus and awareness."
"Basic Terminology & Concepts","What is Protocol?","A type of computer networking language","A safety procedure for emergency situations","A formal contract between partners","Formal rules and etiquette in a BDSM relationship","3","Protocol refers to the formal rules, rituals, and etiquette established in a BDSM relationship or dynamic."
"Basic Terminology & Concepts","What is 24/7 in BDSM?","Store hours for BDSM shops","A safety rule for constant communication","A type of punishment duration","A full-time BDSM relationship dynamic","3","24/7 refers to a BDSM relationship where the power dynamic is maintained continuously, not just during specific scenes."
"Basic Terminology & Concepts","What is TPE?","Temporary Play Environment","Total Protocol Enforcement","Temporary Power Exchange","Total Power Exchange","3","TPE stands for Total Power Exchange, describing relationships where the submissive gives complete authority to the dominant."
"Basic Terminology & Concepts","What is Objectification?","Making a decision based on objective facts","A scientific process of categorization","A type of meditation practice","Treating a person as an object for sexual pleasure","3","Objectification is a BDSM practice where a person is treated as an object for sexual pleasure or service."
"Basic Terminology & Concepts","What is Age Play?","Playing games regardless of participants' ages","Learning about historical periods","A type of competitive activity","Role-playing where participants take on different ages","3","Age play involves role-playing where participants take on roles of different ages, such as caregiver/little or teacher/student."
"Basic Terminology & Concepts","What is Pet Play?","Playing with actual animals","Outdoor recreational activities","A type of veterinary practice","Role-playing where a person takes on animal characteristics","3","Pet play involves role-playing where a person takes on the characteristics and behaviors of an animal, often with a handler."
"Basic Terminology & Concepts","What is AB/DL?","Absolute Bondage/Discipline Lifestyle","Advanced Bondage/Dominance Learning","Adult Bondage/Diaper Lifestyle","Adult Baby/Diaper Lover","3","AB/DL stands for Adult Baby/Diaper Lover, referring to age play involving adult baby or diaper lover themes."
"Basic Terminology & Concepts","What is Forced Bi?","Forced bicycle exercise","A type of strict bondage","A mandatory bilateral agreement","Coerced bisexuality within consensual role-play","3","Forced bi refers to role-play scenarios where someone is forced into bisexual activities, always within consensual boundaries."
"Basic Terminology & Concepts","What is Cuckolding?","A specific type of bird behavior","A form of cooking technique","A type of punishment ritual","A practice where someone watches their partner with another","3","Cuckolding involves a person deriving sexual pleasure from watching their partner have sex with someone else, often with humiliation elements."
"Basic Terminology & Concepts","What is Cuckqueaning?","A cooking technique for royalty","A type of service submission","A form of financial domination","The female equivalent of cuckolding","3","Cuckqueaning is the female equivalent of cuckolding, where a woman watches her partner with another woman."
"Basic Terminology & Concepts","What is Findom?","Final domination in a scene","First domination experience","Fine domination technique","Financial domination","3","Findom stands for Financial Domination, where the submissive derives pleasure from giving money or financial control to the dominant."
"Basic Terminology & Concepts","What is ""sensation Play""?","Playing with emotional responses","Psychological mind games","Theatrical role-playing activities","Activities focused on different physical sensations","3","Sensation play involves BDSM activities that focus on experiencing different physical sensations, both pleasurable and painful."
"Basic Terminology & Concepts","What is Medical Play?","Playing doctor as children do","Learning first aid for BDSM safety","A type of service submission","BDSM activities with medical themes and equipment","3","Medical play involves BDSM activities that incorporate medical themes, role-play, and sometimes equipment."
"Basic Terminology & Concepts","What is Fire Play?","Playing with matches or lighters","A dangerous activity to avoid","Using candles for atmosphere","BDSM activities involving controlled use of fire","3","Fire play involves the controlled use of fire in BDSM activities, such as fire cupping or flash cotton."
"Basic Terminology & Concepts","What is Wax Play?","Making homemade candles","A type of art therapy","Playing with melted cheese","Dripping hot wax on the body for sensation","3","Wax play involves dripping hot wax from candles onto the body for sensual or painful sensation."
"Basic Terminology & Concepts","What is ""shibari""?","A Japanese food preparation method","A meditation practice","A type of martial art","Japanese artistic rope bondage","3","Shibari is the Japanese art of aesthetic rope bondage, focusing on the beauty of the ties and the connection between partners."
"Basic Terminology & Concepts","What is Kinbaku?","A type of Japanese cuisine","A martial arts technique","A meditation practice","Japanese for 'beautiful binding' in rope bondage","3","Kinbaku means beautiful binding in Japanese and refers to the erotic and artistic aspects of Japanese rope bondage."
"Basic Terminology & Concepts","What is ""suspension""?","A temporary ban from community events","A waiting period between scenes","A type of punishment technique","Lifting a person off the ground using bondage","3","Suspension in BDSM involves lifting a person completely or partially off the ground using ropes or other bondage equipment."
"Basic Terminology & Concepts","What is Predicament Bondage?","A difficult situation in relationship dynamics","A type of formal contract","A safety concern to avoid","Bondage that puts the submissive in challenging positions","3","Predicament bondage involves tying someone in a position where they must choose between two or more uncomfortable options."
"Basic Terminology & Concepts","What is Breath Play?","Playing wind instruments during scenes","Outdoor activities in fresh air","A type of meditation practice","Activities involving control or restriction of breathing","3","Breath play involves activities that control or restrict breathing for erotic purposes. Note: This is considered edge play due to significant risks."
"Basic Terminology & Concepts","What is Knife Play?","Cooking together as an activity","A dangerous game to avoid","A type of combat training","Activities involving knives for sensation and threat","3","Knife play involves using knives for sensation, threat, and psychological play, always with extreme care and consent."
"Basic Terminology & Concepts","What is Blood Play?","Playing with fake blood for theater","A medical procedure for testing","A type of artistic expression","Activities involving intentional drawing of blood","3","Blood play involves intentionally drawing blood, often through cutting or needle play, for erotic or ritual purposes."
"Practices & Activities","What is Flogging?","A type of sailing technique","A dance move in certain cultures","A cooking method","Impact play using a multi-tailed whip","3","Flogging is impact play using a flogger, which is a whip with multiple tails, to strike various parts of the body."
"Practices & Activities","What is Caning?","Making chairs from natural materials","A type of fishing technique","A walking aid for mobility","Impact play using a flexible cane","3","Caning is impact play using a flexible cane, typically made of rattan, to deliver sharp, stinging sensations."
"Practices & Activities","What is ""spanking""?","A cooking method for meat","A form of greeting in some cultures","A type of dance move","Impact play using hands on buttocks","3","Spanking is impact play using the hand to strike the buttocks, often for punishment, sensation, or erotic pleasure."
"Practices & Activities","What is Paddling?","A water sport with boats","A cooking utensil for mixing","A type of boat propulsion","Impact play using a flat implement","3","Paddling is impact play using a paddle, which is a flat implement, to deliver thudding or stinging sensations."
"Practices & Activities","What is Electrical Play?","Playing video games with electronics","A type of massage therapy","Using electrical devices for body sensation","Water-based activities with electric elements","2","Electrical play (or e-stim) uses devices like TENS units to deliver controlled electrical currents to the body for sensation."
"Practices & Activities","What is a Gag?","A joke told during scenes","A surprised facial expression","A type of formal agreement","Something placed to prevent or restrict speech","3","A gag is a device used in BDSM to restrict speech, often for humiliation or to enhance a sense of helplessness."
"Practices & Activities","What is Chastity in a BDSM context?","Being morally pure in lifestyle","A type of city or location","A form of spiritual prayer","The practice of denying orgasm or sexual stimulation","3","Chastity in BDSM involves the control of a submissive's orgasms or sexual access, often enforced by a device."
"Practices & Activities","What is a Chastity Device?","A moral code of conduct","A security system for homes","A type of locking mechanism","A device preventing sexual stimulation or orgasm","3","A chastity device is a lockable device worn to prevent sexual activity or orgasm, often used in power exchange dynamics."
"Practices & Activities","What is Figging?","A cooking technique with ginger","A type of dance move","A form of rope bondage","Inserting ginger root for sensual stimulation","3","Figging is the practice of inserting a peeled piece of ginger root into the anus or vagina, causing a warm, tingling, or burning sensation."
"Practices & Activities","What is Mummification?","An ancient Egyptian practice","A form of meditation technique","A type of punishment ritual","Wrapping a person tightly to restrict movement","3","Mummification is a form of bondage where a person is wrapped tightly in materials like plastic wrap or vet wrap, restricting all movement."
"Practices & Activities","What is Humiliation Play?","Making fun of someone maliciously","A type of comedy routine","Bullying behavior","Consensual acts designed to cause erotic humiliation","3","Humiliation play involves consensual acts that cause embarrassment or shame for the purpose of erotic arousal within agreed limits."
"Practices & Activities","What is Forced Feminization?","A political movement for rights","A historical practice","A type of surgical procedure","Consensual role-play where a male is dressed as female","3","Forced feminization is a consensual kink where a male submissive is dressed in women's clothing and treated in a feminine manner."
"Practices & Activities","What is Pegging?","A woodworking joining technique","A type of game or sport","A form of financial betting","A woman penetrating a man anally with strap-on","3","Pegging refers to a sexual practice where a woman uses a strap-on dildo to anally penetrate a male partner."
"Practices & Activities","What is Tease and Denial?","A marketing sales tactic","A type of children's game","A form of punishment technique","Arousing a partner but denying them orgasm","3","Tease and Denial involves sexually arousing a submissive but deliberately preventing them from reaching orgasm, extending their arousal."
"Practices & Activities","What is Orgasm Control?","A medical condition","A self-help technique","A type of meditation practice","The practice of controlling when a partner orgasms","3","Orgasm control is a BDSM practice where the dominant decides when, if, or how the submissive is allowed to orgasm."
"Practices & Activities","What is ""service-Oriented Submission""?","Working in customer service industry","A type of legal contract","A form of historical slavery","A submissive who enjoys performing tasks for dominant","3","This describes a submissive whose primary focus is serving their dominant through acts like cleaning, cooking, or personal care."
"Practices & Activities","What is a Collar in BDSM?","A piece of fashion clothing","A medical neck device","A type of necklace jewelry","A symbol of ownership in D/s relationship","3","A collar is often a symbolic piece of jewelry or leatherwear that signifies a submissive's commitment or ownership by a dominant."
"Practices & Activities","What is a Play Collar?","A toy for pet animals","A children's fashion item","A training device for pets","A collar used only during scenes, not permanent","3","A play collar is used specifically during BDSM scenes to signify the submissive's role for that session, unlike a permanent ownership collar."
"Practices & Activities","What is Mindfuck?","A mental health condition","An insult or derogatory term","A type of party game","Psychological play designed to confuse perceptions","3","Mindfuck is a form of psychological play that uses confusion, trickery, or mental challenges to create a powerful headspace."
"Practices & Activities","What is Isolation in sensory deprivation?","Solitary confinement punishment","A safety hazard to avoid","Restricting senses to heighten others","A type of relationship problem","2","Isolation, as part of sensory deprivation, involves restricting one or more senses (e.g., with blindfolds or earplugs) to intensify the remaining sensations."
"Practices & Activities","What is Verbal Humiliation?","Insults and bullying","A type of argument style","Consensual use of degrading language","A form of public speaking","2","Verbal humiliation is the consensual use of words to demean or shame a submissive for erotic pleasure, within pre-negotiated boundaries."
"Practices & Activities","What is Boot Worship?","A religious practice","A historical ritual","A type of cleaning service","Showing devotion to a dominant's footwear","3","Boot worship is a form of fetishism and service where a submissive cleans, kisses, or shows reverence for a dominant's boots."
"Practices & Activities","What is Foot Worship?","A religious practice","A medical condition","A type of massage therapy","Erotic admiration and service to feet","3","Foot worship involves the erotic admiration, kissing, massaging, or servicing of a dominant's feet by a submissive."
"Practices & Activities","What is CFNM?","Clothed Female, Nude Model","Clothed Female, Nude Master","Clothed Female, Nude Man","Clothed Female, Nude Male","3","CFNM stands for Clothed Female, Nude Male, a scenario often found in femdom that emphasizes power imbalance through nudity."
"Practices & Activities","What is CMNF?","Clothed Male, Nude Foot","Clothed Master, Nude Female","Clothed Man, Nude Female","Clothed Male, Nude Female","3","CMNF stands for Clothed Male, Nude Female, a scenario that can be used in various dynamics to create a power imbalance."
"Practices & Activities","What is a ""strap-on""?","A type of furniture support","A tool belt for work","A punishment device","A dildo harness for penetration","3","A strap-on is a harness worn around the hips or thighs that holds a dildo, allowing the wearer to penetrate a partner."
"Practices & Activities","What is Fisting?","A type of greeting gesture","A fighting technique","A massage method","Inserting entire hand into vagina or anus","3","Fisting is the slow, careful process of inserting the entire hand into the vagina or rectum. It requires extensive trust, communication, and lubrication."
"Practices & Activities","What is Water Sports?","Swimming and boating activities","Water balloon games","A type of cleansing ritual","Sexual activities involving urine","3","Water sports, or golden showers, involve the consensual use of urine for sexual arousal, either as part of humiliation play or sensation play."
"Practices & Activities","What is ""scat""?","Animal droppings in nature","A type of jazz singing","A fast pace of movement","Sexual activities involving feces","3","Scat refers to sexual activities involving feces. It is considered edge play due to high health risks and is a hard limit for many."
"Practices & Activities","What is Nipple Clamps?","A medical device for procedures","A type of office supply","A tool for clothing repair","Devices applying pressure to nipples for sensation","3","Nipple clamps are devices that apply pressure to the nipples, creating a pleasurable or painful sensation and increasing sensitivity."
"Practices & Activities","What is Clothespins used for in BDSM?","Hanging laundry to dry","A children's toy","A building block material","Improvised clamps for sensation play","3","Clothespins are commonly used in BDSM as inexpensive, adjustable clamps for zippers (a line of pins) or general sensation play on skin."
"Practices & Activities","What is a Zipper?","A clothing fastener","A fall safety hazard","A torture method","A line of clips pulled off skin quickly","3","A zipper is a BDSM practice where a line of clamps is attached to the skin and then quickly removed, often by pulling a string connecting them."
"Practices & Activities","What is Temperature Play?","Checking for fever or illness","Weather forecasting games","A type of cooking method","Using hot/cold items for body sensation","3","Temperature play involves using items like ice cubes, warm wax, or cooled metal to create contrasting sensations on the skin."
"Practices & Activities","What is Needle Play?","Sewing and embroidery","A medical procedure","A type of art form","Temporary placement of sterile needles in skin","3","Needle play is a form of edge play that involves the skilled insertion of sterile needles into the skin for aesthetic or sensation purposes."
"Practices & Activities","What is Branding?","Marketing and advertising","A farming technique","A punishment method","Leaving permanent marks through burning/cutting","3","Branding is an extreme form of body modification and edge play that creates a permanent mark, symbolizing deep ownership."
"Practices & Activities","What is Cutting in a BDSM context?","Making a wound carelessly","Interrupting conversation","A type of dance move","Creating designs on skin with scalpel","3","Cutting is a form of edge play and blood play where a skilled practitioner uses a scalpel to create temporary or permanent marks on the skin."
"Practices & Activities","What is Play Piercing?","Child's play with toys","A fashion trend","A type of game","Temporary piercing for scene duration","3","Play piercing involves the temporary insertion of sterile needles for the duration of a scene, after which they are removed."
"Equipment & Tools","What is a Flogger?","Someone who performs flogging","A type of single-tail whip","A cooking kitchen tool","An impact toy with handle and multiple tails","3","A flogger is a popular impact toy made of a handle and multiple tails (falls), which can provide a thuddy or stingy sensation depending on its design."
"Equipment & Tools","What is a ""single-Tail Whip""?","A whip with one end only","A type of flogger variant","A riding accessory","A whip with single long lash requiring skill","3","A single-tail whip has one long lash and requires significant skill to use safely. It is known for its sharp, stinging impact and loud crack."
"Equipment & Tools","What is a Riding Crop?","A farming tool","A gardening implement","A type of flogger","Short stiff whip with flat striking end","3","A riding crop is a short, rigid impact toy with a small, flat striking surface, delivering a very focused, stinging sensation."
"Equipment & Tools","What is a Paddle?","A water sport tool","A type of boat","A cooking utensil","Flat rigid implement for impact play","3","A paddle is a flat implement, often made of wood or leather, used for impact play that produces a broad, thudding sensation."
"Equipment & Tools","What is a Cane?","A walking assistance stick","A type of plant material","A measurement tool","Long thin flexible rod for impact play","3","A cane used in BDSM is typically made of rattan and is designed to deliver a sharp, stinging, and highly focused sensation."
"Equipment & Tools","What are Restraints?","Self-control techniques","Legal limitations","Rules and regulations","Devices used to limit movement like cuffs","3","Restraints is a general term for devices like handcuffs, leather cuffs, ropes, or straps used in bondage to restrict a person's movement."
"Equipment & Tools","What are ""spreaders""?","Butter knives for cooking","A farming technique","A medical device","Bars used to keep limbs apart","3","Spreader bars are rigid bars with cuffs attached to keep a submissive's ankles or wrists apart, preventing them from closing their legs or arms."
"Equipment & Tools","What is a ""St. Andrew's Cross""?","A religious symbol","A constellation pattern","A medical device","X-shaped structure for restraint","3","A St. Andrew's Cross is a common piece of dungeon furniture, an X-shaped frame to which a submissive can be restrained standing up."
"Equipment & Tools","What is a ""spanking Bench""?","A workbench for crafts","A children's toy","A type of seating","Furniture designed for spanking positioning","3","A spanking bench is a piece of furniture designed to support a person in a bent-over position, making them accessible for impact play or other activities."
"Equipment & Tools","What is a ""suspension Cuff""?","A type of handcuff","A medical device","A fashion bracelet","Heavy-duty cuff for weight support in suspension","3","Suspension cuffs are specifically designed with strong materials and secure attachments to safely hold a person's weight during rope suspension."
"Equipment & Tools","What is Rope typically made of for bondage?","Metal wire material","Rubber tubing","String or yarn","Natural fibers like jute or synthetic nylon","3","Bondage rope is often made of natural fibers like jute or hemp for their grip and lack of stretch, or nylon for its smoothness and strength."
"Equipment & Tools","What is ""safety Shears""?","Scissors for crafts","A type of knife","Gardening tools","Blunt-tipped scissors for emergency cutting","3","Safety shears are an essential safety tool in bondage. Their blunt tips allow for cutting rope near the skin without stabbing the person."
"Equipment & Tools","What is a Ball Gag?","A type of joke","A dance style","A game equipment","Gag with ball that fits in mouth","3","A ball gag is a common type of gag featuring a rubber or silicone ball strapped into the mouth, preventing clear speech."
"Equipment & Tools","What is a Bit Gag?","A computer term","A small-sized gag","A punishment device","Gag resembling horse's bit","3","A bit gag is modeled after a horse's bit and is placed in the mouth. It can be more comfortable for some than a ball gag."
"Equipment & Tools","What is a Ring Gag?","A gag for telephone use","A type of jewelry","A telephone device","Gag with ring keeping mouth open","3","A ring gag holds the mouth open with a ring in the center, which can also be used for other activities, like forced oral sex or drool control."
"Equipment & Tools","What is a Hood?","A neighborhood area","A type of vehicle","A ranking status","Head covering for sensory deprivation","3","A hood is a head covering used in BDSM for sensory deprivation, objectification, or aesthetic purposes. It can cover all or part of the head."
"Equipment & Tools","What is a Blindfold?","A type of dance","A window covering","A folding technique","Device to block eyesight","3","A blindfold is a simple but effective tool for sensory deprivation, removing the sense of sight to heighten other sensations."
"Equipment & Tools","What is a TENS Unit?","A tension measurement device","An exercise machine","A counting device","Device for electrical play (e-stim)","3","A TENS (Transcutaneous Electrical Nerve Stimulation) unit is a medical device commonly adapted for BDSM electrical play to stimulate nerves."
"Equipment & Tools","What is a Violet Wand?","A purple flashlight","A type of dildo","A massager tool","Device for high-frequency electrical play","3","A violet wand is an electrical play device that produces a high-voltage, low-current current, creating a sensation like static electricity sparks."
"Equipment & Tools","What is a Chastity Cage?","A prison cell","A bird cage","A furniture item","Device enclosing penis to prevent erection","3","A chastity cage is a device worn on the penis to prevent sexual activity. It is a common tool in orgasm control and denial dynamics."
"Equipment & Tools","What is a Butt Plug?","A drain stopper","An electrical plug","A tool device","Toy for anal insertion with flared base","3","A butt plug is a sex toy designed for anal insertion, typically with a flared base to prevent it from being lost inside the rectum."
"Equipment & Tools","What is a Dildo?","A silly person","A type of flower","A personal name","Phallic sex toy for penetration","3","A dildo is a non-vibrating phallic sex toy used for vaginal or anal penetration. It is a key component of pegging."
"Physiology & Psychology","What is Gag Reflex?","A safety mechanism","A legal concept","A punishment type","Physical reaction to prevent choking","3","The gag reflex is an automatic reaction to objects touching the back of the throat. With practice and desensitization, some people can learn to suppress it."
"Physiology & Psychology","What is ""sub Drop""?","A temperature decrease","A type of punishment","A physical fall","Emotional low after intense scene","3","Sub drop is a colloquial term for the crash that can follow the endorphin high of subspace, involving sadness, fatigue, or irritability. Aftercare helps mitigate it."
"Physiology & Psychology","What is Top Drop?","A price reduction","A punishment technique","A physical fall","Emotional low affecting dominant after scene","3","Top drop is the similar emotional low that can affect the dominant after a scene, often due to the mental effort required for control and risk management."
"Physiology & Psychology","What are Endorphins in BDSM?","Hormones causing pain","A type of drug","Safety words","Natural chemicals causing euphoria in play","3","Endorphins are the body's natural painkillers, released during intense or painful BDSM activities, contributing to the high experienced in subspace."
"Physiology & Psychology","What is Trust in BDSM?","A financial agreement","A legal document","A type of game","Reliance on partner to respect limits","3","Trust is fundamental in BDSM, as it allows the submissive to fully surrender control, relying on the dominant to respect all negotiated limits and safewords."
"Physiology & Psychology","What is Communication in BDSM?","Talking constantly","A formal lecture","A punishment type","Continuous process discussing desires and limits","3","Communication is paramount in BDSM, involving thorough negotiation, continuous checking in, and open discussion of feelings before, during, and after a scene."
"Physiology & Psychology","What is Risk Awareness?","Being afraid","A meditation practice","A safety rule","Understanding potential dangers in activities","3","Risk Awareness is part of RACK, meaning participants acknowledge and accept the inherent risks of their chosen activities."
"Physiology & Psychology","What is The Power Exchange?","A financial transaction","A political deal","A type of contract","Consensual surrender of control to partner","3","The Power Exchange is the core dynamic of D/s relationships, where control is voluntarily surrendered and taken."
"Safety & Ethics","What does ""SSC"" primarily enforce?","Style, speed, compliance","Structure, sensation, caring","Silence, secrecy, control","Safety, sanity, and consent","3","SSC (Safe, Sane, Consensual) is the foundational ethical framework emphasizing safety protocols and informed consent."
"Safety & Ethics","Who is responsible for stopping a scene if a safeword is used?","The submissive only","The dominant only","A neutral third party","Both partners immediately","3","Both partners are responsible for stopping the scene immediately and completely when a safeword is used, regardless of who used it."
"Safety & Ethics","What is the primary role of Negotiation?","To maximize pain intensity","To choose outfits","To select music","Establish limits and expectations before play","3","Negotiation is the vital safety step where all boundaries, limits (hard and soft), and planned activities are discussed and agreed upon."
"Safety & Ethics","What is a Go or Yellow safeword typically used for?","To stop immediately","To end relationship","To increase intensity","Signal discomfort but continue with caution","3","A Yellow safeword (often a color, like Amber/Yellow) signals that the user is uncomfortable, needs a slight break, or needs the intensity reduced, but doesn't require a full stop."
"Safety & Ethics","If a safeword is used, what must happen immediately?","Scene continues gently","Submissive is punished","Partners switch roles","Action stops and check on submissive","3","The action must stop immediately. The dominant must check on the submissive to ensure their well-being and initiate aftercare if needed."
"Safety & Ethics","What is the Rule of Threes in BDSM?","Three partners needed","Three safewords required","Three hard limits minimum","Third person needed for high-risk play","3","The Rule of Threes (less common/more specific) suggests a third person (spotter or EMT) is needed for high-risk edge play like suspension or blood play."
"Safety & Ethics","What should be present during all bondage scenes involving ropes or cuffs?","A camera","Bottle of water","Blindfold","Safety shears or key for quick release","3","Safety shears (for ropes) or a key (for cuffs) are essential for immediate release in case of an emergency (e.g., choking, circulation loss)."
"Safety & Ethics","Which of these is the most important principle for ensuring the safety of impact play?","Hitting as hard as possible","Hitting randomly","Using most expensive tool","Avoiding bones and sensitive areas","3","Avoiding impact to the head, spine, kidneys, and major arteries is crucial for safety, regardless of the tool used."
"Safety & Ethics","What is the main purpose of Aftercare?","Clean up play space","Plan next scene","Critique performance","Ensure physical/emotional recovery","3","Aftercare is non-negotiable and focuses on the emotional and physical needs of the partners, especially preventing drop."
"Slang & Culture","What is a Kinkster?","A person who plays kinks","A type of dancer","A fictional character","A person who practices BDSM or alternative sexualities","3","A Kinkster is a person who engages in kink or BDSM activities and identifies with the lifestyle."
"Slang & Culture","What does IRC stand for in BDSM culture (historically)?","Intense Rope Control","Internal Relationship Contract","Impact and Restraint Community","Internet Relay Chat (online meeting place)","3","IRC was historically a key online platform where early BDSM communities met and organized."
"Slang & Culture","What is Poly in BDSM contexts?","Polyester material","A type of punishment","A safety procedure","Polyamorous (multiple consensual relationships)","3","Poly is short for Polyamory, which often overlaps with BDSM communities, referring to relationships with multiple partners."
"Slang & Culture","What is a Dungeon in BDSM?","A prison facility","An underground room","A type of bar","A designated space for BDSM play","3","A dungeon is a location specifically equipped and sanctioned for BDSM activities, often hosted at clubs or events."
"Slang & Culture","What does KSA stand for in the context of BDSM clubs or organizations?","Kink, Safety, Agreement","Kink, Sex, Acceptance","Kink, Skill, Awareness","Kink, Sensation, Activity","2","KSA stands for Kink, Skill, Awareness - an educational approach emphasizing the skills and knowledge needed for safe play."
"Slang & Culture","What is a Bootblack?","A shoe cleaner","A type of punishment","A beginner dominant","A person who cleans leather boots as service","3","A Bootblack is a service role at BDSM events/clubs, focusing on cleaning and polishing leather gear, especially boots, as a form of service play or fetish."
"Slang & Culture","What is a Fetish?","A negative habit","A type of greeting","A form of contract","A strong sexual interest in particular objects","3","A fetish is a strong sexual focus on non-genital objects or activities, often incorporated into BDSM scenes."
"Slang & Culture","What is Leather in BDSM culture?","A type of jacket","A type of food","A safety tool","A subculture incorporating leather clothing","3","Leather refers both to the material (used for gear) and a specific, historical subculture within the BDSM community."
"Slang & Culture","What is a Pup in Pet Play?","A small dog","A type of dominant","A type of beginner","A person who role-plays as a dog","3","A Pup is a common term for a person who engages in role-play as a dog, often wearing a hood and harness."
"Slang & Culture","What is Harness in Pet Play?","A safety device","A type of training","A type of mask","Straps or gear worn for aesthetic or control","3","A harness in pet play is often worn by the submissive (pup/kitten/etc.) and used by the dominant (handler) to guide or control them."
"Slang & Culture","What is Furries in relation to BDSM?","People who wear costumes","A type of animal","A safety rule","Community focused on anthropomorphic characters","3","The Furry community focuses on anthropomorphic characters and art, and while separate, there can be overlap with the Pet Play subculture."
"Slang & Culture","What is a Rubber/Latex fetish?","A type of shoe","A safety rule","A type of material","Sexual interest in rubber or latex clothing","3","A rubber or latex fetish involves sexual arousal from the sight, feel, or smell of rubber or latex clothing."
"Slang & Culture","What is Dressing Out?","Getting ready","A type of punishment","A form of humiliation","Changing from play clothes back to street clothes","3","Dressing Out is the cultural process of transitioning back to a vanilla state after a scene, symbolizing the end of the play."
"Slang & Culture","What is The Lair (historically)?","A type of animal home","A secret meeting place","A type of game","A famous BDSM club/dungeon in the US","3","The Lair refers to one of the most famous, long-running BDSM clubs/dungeons in the United States, known for its extensive facilities."
"Slang & Culture","What is a ""slut Drop""?","A type of dance","A sexual move","A term for promiscuity","A derogatory term for sub drop","3","Slut Drop is a derogatory term sometimes used for Sub Drop, emphasizing the difference between the post-scene low and the high."
"Slang & Culture","What is Gothic style often associated with in BDSM culture?","A type of architecture","A music genre","A type of toy","A fashion style with dark, romantic elements","3","Gothic style—dark clothing, leather, metal—often overlaps as a popular aesthetic choice within the BDSM and fetish communities."
"Slang & Culture","What is The Scene often used to refer to?","A specific BDSM session","A movie set","A place to meet","The wider BDSM community and culture","3","The Scene is a broad term referring to the community, culture, and social environment of BDSM and kink practitioners."
"Slang & Culture","What is a Brat?","A naughty child","A type of toy","A dominant","A submissive who playfully resists authority","3","A Brat is a submissive who enjoys challenging or testing their dominant's authority in a consensual, pre-negotiated way."
"Slang & Culture","What is a Brat Tamer?","A type of animal trainer","A parenting technique","A form of punishment","A dominant who enjoys playing with brats","3","A Brat Tamer is the dominant partner who takes pleasure in disciplining and controlling a bratty submissive, often involving specific rule-sets and punishments."
"Slang & Culture","What is Pony Play?","Horse riding","A type of game","A type of toy","A form of pet play role-playing as pony","3","Pony Play is a form of pet play where the submissive takes on the role of a pony, often involving a bit, harness, and cart or handler."
"Kink Acronym","What does the core acronym BDSM stand for?","Bondage, Discipline, Sadism, Masochism","Bondage & Discipline, Dominance & Submission, Sadism & Masochism","Bondage, Dominance, Sadism, Mastery","Bondage, Devotion, Submission, Masochism","1","BDSM is a portmanteau combining BD (Bondage & Discipline), DS (Dominance & Submission), and SM (Sadism & Masochism)."
"Kink Acronym","In a D/s dynamic, what does the 's' stand for?","Sadist","Safety","Submissive","Sir","2","D/s stands for Dominant/submissive, describing the core power exchange relationship."
"Kink Acronym","What does S&M specifically refer to?","Safe and Monogamous","Sensation and Mindplay","Sadism and Masochism","Submission and Mastery","2","S&M stands for Sadism and Masochism, the giving and receiving of consensual pain or intense sensation."
"Kink Acronym","What does the safety principle SSC stand for?","Safe, Secure, Consensual","Safe, Sane, Consensual","Sensible, Safe, Consensual","Sane, Secure, Communal","1","SSC stands for Safe, Sane, and Consensual, a foundational principle for ethical kink."
"Kink Acronym","What does the safety principle RACK stand for?","Risk-Accepted Consensual Kink","Risk-Acknowledged Consensual Kink","Risk-Aware Consensual Kink","Rules-Aware Consensual Kink","2","RACK stands for Risk-Aware Consensual Kink, emphasizing informed consent about potential risks."
"Kink Acronym","What does M/s stand for?","Mommy and son","Master and slave","Masochist and sadist","Marriage and service","1","M/s stands for Master/slave, a Total Power Exchange dynamic."
"Kink Acronym","What does the acronym FLR stand for?","Fun, Loving, Respect","Female-Led Relationship","Formal Loving Rules","Family-Like Relationship","1","FLR stands for Female-Led Relationship, where the woman is the primary authority."
"Kink Acronym","In a CG/l relationship, what does 'CG' stand for?","Commanding General","Caring Guardian","Caregiver","Control Guide","2","CG stands for Caregiver, who looks after the 'little' (l) in a nurturing dynamic."
"Kink Acronym","What does TPE stand for?","Total Pleasure Experience","Temporary Power Exchange","Total Power Exchange","Trusted Partner Engagement","2","TPE stands for Total Power Exchange, where authority is given extensively, often 24/7."
"Kink Acronym","What does the acronym GFD stand for?","Good Fun Discipline","Genuine Formal Domination","Guided Female Development","Gentle Femdom","3","GFD stands for Gentle Femdom, a softer, more nurturing style of female dominance."
"Kink Acronym","In a BDSM context, what does CBT stand for?","Cognitive Behavioral Therapy","Cock and Ball Torture","Computer-Based Training","Core Body Tension","1","In BDSM, CBT stands for Cock and Ball Torture, a form of play involving the male genitals."
"Kink Acronym","What does the acronym AB/DL refer to?","Adult Baby / Diaper Lover","Alpha Beta / Dynamic Link","Aftercare Bonding / Deep Love","Always Bound / Disciplined Little","0","AB/DL stands for Adult Baby / Diaper Lover, relating to age play and/or a paraphilic interest in diapers."
"Kink Acronym","What does the term 'Vanilla' refer to?","A flavor of ice cream","A type of submissive","Conventional, non-kinky sexuality","A brand of lubricant","2","Vanilla describes sexual preferences or activities that are conventional and not involving BDSM."
"Kink Acronym","What does IRL stand for?","I Really Love","In Real Life","Internal Role Logic","I Respectfully Leave","1","IRL distinguishes online or fantasy interactions from those that happen in person."
"Kink Acronym","In online personals, what does AAS mean?","Age-Activity-Sex","Above All Else","Anything And Everything","As A Submissive","3","AAS means 'As A Submissive,' indicating the poster's role."
"Kink Acronym","What does the acronym YKINMK stand for?","You Know I Need My Kinks","Your Kink Is Not My Kink","You Keep It New & Modern, Kink","Yes, Kink Is Naturally My Kind","1","YKINMK is a polite way to express that something isn't to your taste without shaming others."
"Kink Acronym","What does the acronym NSFW mean?","Not Safe For Work","New, Safe, Fun, Welcoming","No Strings, For Wellness","Not Suitable For Wimps","0","NSFW is a common internet warning for explicit or sexual content."
"Kink Acronym","In online profiles, what does F4M denote?","Friend for Marriage","Female for Male","Fun for Money","Freedom for Mastery","1","F4M indicates a Female seeking a Male."
"Kink Acronym","What does the acronym JOI stand for?","Joy Of Instruction","Jerk Off Instructions","Just Obey Instantly","Judgment Of Intent","1","JOI is a form of erotic instruction where the submissive is told how to masturbate."
"Kink Acronym","In Femdom, what does CFNM describe?","Clothed Female, Nude Male","Controlled Female, Naked Master","Chastity For Naked Males","Commanding Female, Neutral Male","0","CFNM is a common Femdom theme where the power imbalance is highlighted by the state of dress."
"Kink Acronym","What does the acronym FLM stand for?","Family Life Mastery","Female Led Marriage","Fun, Loving, Motherly","Formal Loving Mistress","1","FLM is a Female-Led Marriage, a type of FLR that is formalized through marriage."
"Kink Acronym","What does the acronym CEI stand for?","Cum Eating Instruction","Clothing Elimination Immediately","Consensual Endurance Increase","Constant Emotional Investment","0","CEI stands for Cum Eating Instruction, a form of psychological play and/or humiliation."
"Kink Acronym","What does the acronym SSBBW stand for?","Super Soft Big Beautiful Woman","Super Sized Big Beautiful Woman","Sensual, Sexy, Big Beautiful Woman","Smart, Strong, Big Beautiful Woman","1","SSBBW is a personals/fetish acronym for Super Sized Big Beautiful Woman."
"Kink Acronym","What does the acronym DM on social media stand for?","Dungeon Master","Direct Message","Discipline Me","Dominant Male","1","DM refers to a private Direct Message."
"Kink Acronym","What does the acronym AMA signify in an online forum?","Ask Me Anything","About My Assets","Aftercare, My Approach","All My Accounts","0","An AMA is a Q&A session where someone offers to answer questions from the community."
"Kink Acronym","What does LDR in a kink context describe?","Long-Distance Relationship","Low-Dominance Response","Light, Demanding, Respectful","Latex Doll Roleplay","0","An LDR is a relationship where partners are geographically separated."
"Kink Acronym","What does the term 'Brat' refer to?","A type of cheese","A submissive who enjoys being degraded","A submissive who enjoys teasing and breaking rules","A new Dominant","2","A Brat is a type of submissive who deliberately misbehaves or talks back to provoke a funishment or reaction from their Dominant."
"Kink Acronym","What does the term 'Switch' mean?","A type of punishment tool","A person who enjoys both dominant and submissive roles","A person who only does online play","A safety device to stop a scene","1","A Switch is someone who can fluidly take on either the dominant or submissive role."
"Kink Acronym","What does the acronym EDGE refer to in a BDSM context?","The practice of using knives","The practice of bringing someone to the brink of orgasm and stopping","The outer limit of a boundary","The start of a scene","1","Edging is the practice of being brought to the point of orgasm and then stopping, repeatedly, to intensify the eventual release."
"Kink Acronym","What does the acronym HNT often mean in online kink spaces?","Hard Night Training","Have Nice Time","Heavy Needle Torture","Hide N' Tease","3","HNT stands for Hide N' Tease, a game involving suggestive but partially concealed photos."
"Kink Acronym","What does the acronym FORD stand for in negotiation?","A car brand","Family, Occupation, Recreation, Dreams","Freedom, Obedience, Rules, Discipline","Fantasy, Objective, Reality, Denial","1","FORD is a common small-talk acronym to discuss non-kink topics to build connection: Family, Occupation, Recreation, Dreams."
"Kink Acronym","What does the acronym PRICK stand for?","Personal Responsibility, Informed, Consensual Kink","Prompt Response In Critical Kinks","Professional Rules In Consensual Kink","Partners Respecting Individual Consensual Kinks","0","PRICK stands for Personal Responsibility, Informed, Consensual Kink, placing emphasis on individual accountability."
"Kink Acronym","What does the acronym W/we signify in dynamic writing?","With pleasure","The Dominant and the submissive","Win or win","Willfully wed","1","The capitalized 'We' refers to the Dominant, the lowercase 'we' refers to the submissive, and 'W/we' is used to encompass both together respectfully."
"Kink Acronym","What does the acronym TL;DR in a kink profile mean?","Too Long; Didn't Read","True Love; Deep Respect","Training, Learning; Development, Rules","Tender, Loving; Demanding, Rigid","0","TL;DR is an internet acronym for a summary of a long piece of text."
"Kink Acronym","What does the acronym PNP in some kink circles stand for?","Party and Play","Punishment and Pain","Protocols and Procedures","Pets and Partners","0","PNP stands for Party and Play, which often refers to sexual activity under the influence of drugs, a high-risk activity requiring extreme caution."
"Kink Acronym","What does the acronym RED mean in a safety context?","A color theme","Remember Everyone's Desires","Rapid Escape Device","Recognize, Evaluate, Decide","3","RED is a situational awareness model: Recognize the hazard, Evaluate your options, Decide what to do."
"Kink Acronym","What does the acronym TENS stand for in sensation play?","Total Electric Nerve Stimulation","Tactile Enhancement Nervous System","Trans-Epidermal Nerve Stimulator","Transcutaneous Electrical Nerve Stimulation","3","A TENS unit is a medical device often repurposed in kink for electrical play."
"Kink Acronym","What does the acronym O/U in technical bondage refer to?","Over/Under","Oak/Unfinished","Oval/Uniform","One/Use","0","O/U refers to the 'Over/Under' technique for weaving a rope."
"Kink Acronym","What does the acronym ESD in electrical play safety mean?","Electro-Static Discharge","Energy Source Device","Emergency Shutoff Device","Extreme Sensation Device","0","ESD (Electro-Static Discharge) can damage electronics and poses a minor risk in some forms of electrical play."
"Kink Acronym","What does the acronym CCCC is used in first aid for?","Care, Comfort, Cool, Calm","Code, Call, Compress, Cover","Catastrophic Cut Care & Compress","Circulation, Capillaries, Color, Condition","2","CCCC (Catastrophic Cut Care & Compress) is vital knowledge for those involved in edge play like knife or needle play."
"Kink Acronym","What does the acronym GOR stand for?","Game Of Roles","General Operation Rules","Gorean","Guarantee Of Respect","2","GOR refers to the Gorean philosophy based on the novels of John Norman, which includes a strict master/slave dynamic."
"Kink Acronym","What does the acronym META stand for in a community context?","Most Effective Tactic Available","Medical, Emotional, Technical, Aftercare","Mutually Enjoyed Thrilling Activities","My Exclusive Training Agreement","0","META means the Most Effective Tactic Available, often used when discussing strategy."
"Kink Acronym","What does the acronym 'Aftercare' refer to?","Care taken after a scene ends","The final stage of a relationship","Care taken before a scene","A type of bondage","0","Aftercare is the time after a scene for partners to care for each other, often involving reassurance, hydration, and physical comfort."
"Basic Terminology & Concepts","What is a 'Hard Limit'?","A limit that is difficult to achieve","A limit that is non-negotiable and will not be done","A limit that can be pushed with negotiation","A time limit for a scene","1","A Hard Limit is an activity that a person will not under any circumstances agree to."
"Basic Terminology & Concepts","What is a 'Safeword'?","A word that starts a scene","A secret code between partners","A pre-agreed word to stop or pause a scene","The safe name for a Dominant","2","A Safeword is a pre-arranged word that, when spoken, immediately stops all play."
"Basic Terminology & Concepts","What does the term 'Scene' refer to?","A dramatic argument","A location for play","A specific BDSM session or activity","A part of a movie","2","A scene is a consensual BDSM session, with a beginning and an end, that takes place between partners."
"Basic Terminology & Concepts","What is a 'Dungeon'?","A dark basement","A medieval prison","A designated space for BDSM play","A type of fantasy story","2","A dungeon is a space, often a room or club, specifically designed and equipped for BDSM activities."
"Basic Terminology & Concepts","What does the term 'Topping from the Bottom' mean?","A submissive who is very good at their role","A submissive who is physically on top","A submissive who attempts to control the scene","A Dominant who is being passive","2","Topping from the Bottom describes a submissive who tries to dictate or control the flow of the scene, undermining the Dominant's role."
"Basic Terminology & Concepts","What is a 'Play Party'?","A children's birthday party","A social gathering where BDSM activities occur","A party where everyone acts","A party to play board games","1","A play party is a social event where attendees may engage in BDSM scenes, often with established rules and monitors."
